{
 "Appropriate": {
  "Hp": 0.0,
  "Magic": 10.0,
  "Power": 0.0,
  "Speed": 20.0
 },
 "Name": "Yui",
 "Parameter": {
  "Hp": 150.0,
  "Magic": 293.20001220703125,
  "Power": 86.0,
  "Speed": 253.1999969482422
 }
}
