{
 "Name": "BattleParam",
 "Parameter": {
  "Hp": 250.0,
  "Magic": 372.3999938964844,
  "Power": 50.0,
  "Speed": 176.39999389648438
 }
}
