{
 "Name": "BattleParam",
 "Parameter": {
  "Hp": 150.0,
  "Magic": 258.0000305175781,
  "Power": 70.0,
  "Speed": 373.20001220703125
 }
}
